{"precision":{"Unquenched":0.9873188406,"Quenched":1.0,"accuracy":0.9883333333,"macro avg":0.9936594203,"weighted avg":0.9884812802},"recall":{"Unquenched":1.0,"Quenched":0.8727272727,"accuracy":0.9883333333,"macro avg":0.9363636364,"weighted avg":0.9883333333},"f1-score":{"Unquenched":0.9936189608,"Quenched":0.932038835,"accuracy":0.9883333333,"macro avg":0.9628288979,"weighted avg":0.9879741159},"support":{"Unquenched":545.0,"Quenched":55.0,"accuracy":0.9883333333,"macro avg":600.0,"weighted avg":600.0}}