{"precision":{"Unquenched":0.9890909091,"Quenched":0.98,"accuracy":0.9883333333,"macro avg":0.9845454545,"weighted avg":0.9882575758},"recall":{"Unquenched":0.9981651376,"Quenched":0.8909090909,"accuracy":0.9883333333,"macro avg":0.9445371143,"weighted avg":0.9883333333},"f1-score":{"Unquenched":0.9936073059,"Quenched":0.9333333333,"accuracy":0.9883333333,"macro avg":0.9634703196,"weighted avg":0.9880821918},"support":{"Unquenched":545.0,"Quenched":55.0,"accuracy":0.9883333333,"macro avg":600.0,"weighted avg":600.0}}