{"precision":{"Unquenched":0.9083333333,"Quenched":0.0,"accuracy":0.9083333333,"macro avg":0.4541666667,"weighted avg":0.8250694444},"recall":{"Unquenched":1.0,"Quenched":0.0,"accuracy":0.9083333333,"macro avg":0.5,"weighted avg":0.9083333333},"f1-score":{"Unquenched":0.9519650655,"Quenched":0.0,"accuracy":0.9083333333,"macro avg":0.4759825328,"weighted avg":0.8647016012},"support":{"Unquenched":545.0,"Quenched":55.0,"accuracy":0.9083333333,"macro avg":600.0,"weighted avg":600.0}}