{"precision":{"Unquenched":0.9908759124,"Quenched":0.9615384615,"accuracy":0.9883333333,"macro avg":0.976207187,"weighted avg":0.9881866461},"recall":{"Unquenched":0.9963302752,"Quenched":0.9090909091,"accuracy":0.9883333333,"macro avg":0.9527105922,"weighted avg":0.9883333333},"f1-score":{"Unquenched":0.9935956084,"Quenched":0.9345794393,"accuracy":0.9883333333,"macro avg":0.9640875238,"weighted avg":0.9881857929},"support":{"Unquenched":545.0,"Quenched":55.0,"accuracy":0.9883333333,"macro avg":600.0,"weighted avg":600.0}}