{"precision":{"Unquenched":0.9749103943,"Quenched":0.9761904762,"accuracy":0.975,"macro avg":0.9755504352,"weighted avg":0.9750277351},"recall":{"Unquenched":0.9981651376,"Quenched":0.7454545455,"accuracy":0.975,"macro avg":0.8718098415,"weighted avg":0.975},"f1-score":{"Unquenched":0.9864007253,"Quenched":0.8453608247,"accuracy":0.975,"macro avg":0.915880775,"weighted avg":0.9734720677},"support":{"Unquenched":545.0,"Quenched":55.0,"accuracy":0.975,"macro avg":600.0,"weighted avg":600.0}}