{"precision":{"Unquenched":0.981981982,"Quenched":1.0,"accuracy":0.9833333333,"macro avg":0.990990991,"weighted avg":0.9836336336},"recall":{"Unquenched":1.0,"Quenched":0.8181818182,"accuracy":0.9833333333,"macro avg":0.9090909091,"weighted avg":0.9833333333},"f1-score":{"Unquenched":0.9909090909,"Quenched":0.9,"accuracy":0.9833333333,"macro avg":0.9454545455,"weighted avg":0.9825757576},"support":{"Unquenched":545.0,"Quenched":55.0,"accuracy":0.9833333333,"macro avg":600.0,"weighted avg":600.0}}