{"precision":{"Unquenched":0.9945155393,"Quenched":0.9811320755,"accuracy":0.9933333333,"macro avg":0.9878238074,"weighted avg":0.9932887218},"recall":{"Unquenched":0.9981651376,"Quenched":0.9454545455,"accuracy":0.9933333333,"macro avg":0.9718098415,"weighted avg":0.9933333333},"f1-score":{"Unquenched":0.9963369963,"Quenched":0.962962963,"accuracy":0.9933333333,"macro avg":0.9796499796,"weighted avg":0.9932777099},"support":{"Unquenched":545.0,"Quenched":55.0,"accuracy":0.9933333333,"macro avg":600.0,"weighted avg":600.0}}